,Job_ID,Location,Title,Company,Date,Link,Description
0,4147355035,Worldwide,Math Tutoring,Outlier,2025-02-08,https://www.linkedin.com/jobs/view/math-tutoring-at-outlier-4147355035?position=1&pageNum=0&refId=zv4s6yHZpxpH%2BigyH7PvIA%3D%3D&trackingId=z7Fx%2BcZyCC5fJIanb7bxtQ%3D%3D,"About

Outlier helps the worldâ€™s most innovative companies improve their AI models by providing human feedback. Are you an experienced Math Expert who would like to lend your expertise to train AI models? About the opportunity:

Outlier is looking for talented Math Experts to help train generative artificial intelligence modelsThis freelance opportunity is remote and hours are flexible, so you can work whenever is best for youYou may contribute your expertise byâ€¦ Assessing the factuality and relevance of domain-specific text produced by AI modelsCrafting and answering questions related to MathEvaluating and ranking domain-specific responses generated by AI models Examples of desirable expertise: A bachelor's or higher degree in Math or a related subjectExperience working as a Math professionalAbility to write clearly about concepts related to Math in fluent English Payment:Currently, pay rates for core project work by Math experts range from $30 to $50 per hour USD.

Rates vary based on expertise, skills assessment, location, project need, and other factors. For example, higher rates may be offered to PhDs. For non-core work, such as during initial project onboarding or project overtime phases, lower rates may apply. Certain projects offer incentive payments. Please review the payment terms for each project.
Show more "
1,4147354137,Worldwide,Math Tutoring - Remote,Outlier,2025-02-08,https://www.linkedin.com/jobs/view/math-tutoring-remote-at-outlier-4147354137?position=2&pageNum=0&refId=zv4s6yHZpxpH%2BigyH7PvIA%3D%3D&trackingId=EA8VTDfPKXIn7JxAOpXf7w%3D%3D,"About

Outlier helps the worldâ€™s most innovative companies improve their AI models by providing human feedback. Are you an experienced Math Expert who would like to lend your expertise to train AI models? About the opportunity:

Outlier is looking for talented Math Experts to help train generative artificial intelligence modelsThis freelance opportunity is remote and hours are flexible, so you can work whenever is best for youYou may contribute your expertise byâ€¦ Assessing the factuality and relevance of domain-specific text produced by AI modelsCrafting and answering questions related to MathEvaluating and ranking domain-specific responses generated by AI models Examples of desirable expertise: A bachelor's or higher degree in Math or a related subjectExperience working as a Math professionalAbility to write clearly about concepts related to Math in fluent English Payment:Currently, pay rates for core project work by Math experts range from $30 to $50 per hour USD.

Rates vary based on expertise, skills assessment, location, project need, and other factors. For example, higher rates may be offered to PhDs. For non-core work, such as during initial project onboarding or project overtime phases, lower rates may apply. Certain projects offer incentive payments. Please review the payment terms for each project.
Show more "
2,4147353095,Worldwide,Math Tutoring,Outlier,2025-02-08,https://www.linkedin.com/jobs/view/math-tutoring-at-outlier-4147353095?position=3&pageNum=0&refId=zv4s6yHZpxpH%2BigyH7PvIA%3D%3D&trackingId=b9q3xAhtZ%2FFrYR%2BFucjhVQ%3D%3D,"About

Outlier helps the worldâ€™s most innovative companies improve their AI models by providing human feedback. Are you an experienced Math Expert who would like to lend your expertise to train AI models? About the opportunity:

Outlier is looking for talented Math Experts to help train generative artificial intelligence modelsThis freelance opportunity is remote and hours are flexible, so you can work whenever is best for youYou may contribute your expertise byâ€¦ Assessing the factuality and relevance of domain-specific text produced by AI modelsCrafting and answering questions related to MathEvaluating and ranking domain-specific responses generated by AI models Examples of desirable expertise: A bachelor's or higher degree in Math or a related subjectExperience working as a Math professionalAbility to write clearly about concepts related to Math in fluent English Payment:Currently, pay rates for core project work by Math experts range from $30 to $50 per hour USD.

Rates vary based on expertise, skills assessment, location, project need, and other factors. For example, higher rates may be offered to PhDs. For non-core work, such as during initial project onboarding or project overtime phases, lower rates may apply. Certain projects offer incentive payments. Please review the payment terms for each project.
Show more "
3,4139671652,London,Data Scientist,Mojo,2025-01-31,https://uk.linkedin.com/jobs/view/data-scientist-at-mojo-4139671652?position=1&pageNum=0&refId=TxbLZ58yvqMzEX7WKyu3jQ%3D%3D&trackingId=B3KKA%2BH7XiU89k28MKlB6g%3D%3D,"Are you a passionate data wizard who loves using your abilities to have a positive impact in the world? Are you proud of your technical skills, commercial head and ability to get shit done? You're reading the right job description. We want someone who is inspired to work in tech for good and is jumping out of bed in the morning because the idea of using their skills to improve the lives of millions of potential customers all over the world, gets them going.

Before we talk about our product and mission, let's be clear that although we're tackling men's sexual problems right now, you don't need to be a guy to apply. We want to hear from candidates of all genders. We believe that if we solve these problems, everyone will benefit.

At Mojo, we're building the first sexually intelligent generation.

Sexual problems can be embarrassing, we've been there. That's why we're changing the narrative around issues in the bedroom.

We believe that good sex starts in your head, so we're not here to push pills or offer quick fixes to the 50% of Millennials and Gen Z who now suffer with psychological issues in the bedroom. Nope, hyper-personalised AI Therapists are created by the world's best sexual wellbeing specialists to help our members lead thriving and healthy relationships ðŸ’ª. We are looking for someone who is excited to be part of that.

We've had crazy global growth, with over 600,000 members in 150 countries and counting. We're backed by Europe's top VC firms, and you might even have seen us on the front cover of the Sunday Times.

The Role

You'll work closely with the founders, report to our Chief of Staff and take ownership of much of our data stack. You will be given free reign to spearhead new strategic data projects while helping to set data standards in the company. You'll have the opportunity to guide and enable the whole Mojo team across Product, Growth, Marketing and Ops to make good data driven decisions. Most importantly you will be in a position to identify how Mojo can have the biggest impact for our members. We are an app-first experience, meaning this impact will touch people all over the world.

As we are an early-stage start-up, there is room for you to have a huge impact on the future of the company and a large amount of autonomy to shape your role and get stuck in. You should be comfortable adapting your role and responsibilities as the company grows. We expect this might consist of:


Providing analyses to support product, marketing or finance
Owning tracking of business metrics by refining and maintaining reporting
Developing our best practices for experimentation methodology (eg A/B testing)
Developing data-driven projects, including applications of ML or modelling techniques
Working with leaders across Mojo to identify new opportunities in our AI product
Performing analyses to answer open-ended questions and provide strategic advice
Improving business data documentation
Supporting the refinement of our data infrastructure, architecture, and ETL processes
Collaboratively setting standards and ways of working with Data at Mojo
Building a self-serve data culture across the wider Mojo team through upskilling and accessible data tooling


We are building a team of people that have real ownership over the business. To be successful here, you should be willing to roll your sleeves up and get your hands dirty on anything that will help the business be more successful.

Requirements

You have:


2+ years of proven experience analyzing complex data with SQL, Python (& maybe R)
A degree or similar experience in a quantitative field (eg CompSci, Eng, Maths, Stats, Econ)
A good understanding of the dynamics of acquisition, engagement, retention and monetisation in a digital product
Strong understanding of statistical concepts and practical experience applying them (e.g. causal inference, ML, A/B tests)
Experience building data visualizations and dashboards (e.g., looker studio or others)
Ability to work collaboratively and proactively in a fast-paced environment
A commercial head and can put numbers into business perspective
Great communication skills - in person, writing, and code; to technical or non-technical audiences
Compassion, empathy, understanding, or interest in mental health
Ability to keep up-to-date with the latest tools and trends



Benefits


Industry-leading salary Â£60-70k, with chunky seed round equity package
Private health, optical, audiological, and dental insurance with Vitality Health
Hybrid working, 3 days in and 2 days out, with great offices in Old Street
Three remote working fortnights a year (read more in our handbook)
37 days off (inc 28 holidays, 3 end-of-year, 8 bank holidays, 1 volunteering)
Parental leave for primary and secondary caregivers
Workplace nursery benefit and emergency child-sitting allowance
Monthly team outings
Â£500 personal wellbeing budget
Unlimited professional development allowance
A Â£100 budget for noise-cancelling headphone to help with deep work
Cycle to work scheme and Santander Cycles membership
If you want to learn more about how we work check out our Employee Handbook


We want to build a diverse team with different backgrounds, outlooks and experiences. If you need any adjustments or support when you're applying, no worries. Just let us know at work@mojo.so
Show more "
4,4133365925,London,ML Engineer,Dalton,2025-01-14,https://uk.linkedin.com/jobs/view/ml-engineer-at-dalton-4133365925?position=2&pageNum=0&refId=TxbLZ58yvqMzEX7WKyu3jQ%3D%3D&trackingId=%2By1Fsu1OEbQv3%2F2dY4EdiA%3D%3D,"About Dalton: Dalton is on a mission to make the world's drug design more efficient. We are building the AI ecosystem for drug design and solving real-world problems that transform the efficiency of the pharmaceutical industry. Our mission is to harness cutting-edge technology and turn it into impactful products for our clients. Join us on our journey to revolutionize drug discovery and make a difference in the lives of patients worldwide.

Why Join Dalton? Dalton offers an exciting and collaborative environment where you can contribute to improving the efficiency of the world's drug discovery. We value innovation, creativity, and commitment. Join us in our mission to change the world.

Role Overview: We are seeking a highly skilled and motivated ML Engineer to join our team dedicated to advancing drug discovery by translating the best AI Research intro drug discovery impact. The ideal candidate will have a strong background in ML engineering and a passion for leveraging data and AI to drive innovation in the pharmaceutical and biotechnology industries.

If you are a dedicated and detail-oriented ML Engineer with a passion for drug discovery, we would love to hear from you. Apply now to become a part of our dynamic team and contribute to groundbreaking advancements in the field of technology and drug discovery.

Requirements


Key Responsibilities:


Collaborate with cross-functional teams to integrate machine learning models into impactful scientific products
Analyze large-scale biological and chemical datasets to identify patterns and generate actionable insights
Build a highly scalable machine learning platform that can be used to integrate cutting-edge ML models into a drug discovery process.
Design, build and maintain scalable machine learning infrastructure to support high-throughput data processing.
Continuously evaluate and improve model performance, ensuring high accuracy and reliability.
Stay current with the latest advancements in machine learning for drug discovery and apply this knowledge to your work.



Capabilities:


Master's or Ph.D. in Computer Science, Bioinformatics, Computational Biology, Cheminformatics or a related field.
Proven experience with machine learning frameworks such as TensorFlow, PyTorch, or scikit-learn.
Experience in working in the Pharmaceutical, Biotech or similar scientific discovery industries
Strong programming skills in Python
Familiarity with big data technologies such as Spark, Kafka, and Iceberg.
Knowledge of data modeling, database design, and data warehousing concepts.
Proficiency in data visualization tools like Superset, Grafana, or Metabase.
Strong problem-solving skills and ability to work independently and as part of a team.
Excellent organizational and time-management skills.
Passion for drug discovery and a desire to make a significant impact in the field.
Show more "
5,4115540383,London,"Data Scientist, Trust & Safety",Bumble Inc.,2025-01-29,https://uk.linkedin.com/jobs/view/data-scientist-trust-safety-at-bumble-inc-4115540383?position=3&pageNum=0&refId=TxbLZ58yvqMzEX7WKyu3jQ%3D%3D&trackingId=R9zzMCAMiwcoHt2xOEhjHw%3D%3D,"Bumble is looking for a Data Scientist to join our team and play a key role in fulfilling our mission to create a world where all relationships are healthy and equitable. Concretely, this means exploring our large datasets, developing statistical models and designing data-driven strategies for products that provide a safe and engaging experience for our users, and improve the way Bumble operates.

With billions of collected data points and millions of images and messages exchanged on our platform every day, there is a wealth of opportunity to make a real difference in this role and help people to find love all over the world! The ideal candidate combines strong business acumen, extensive experience in data science and advanced analytics along with a background in trust & safety.

Trust & Safety

We are part of the Trust & Safety Engineering group, a cross-functional team of 40+Â  engineers, scientists and machine learning professionals that help grow kind, healthy & equitable connections by designing and operationalizing the safest and most trusted connections platform in the industry.Â  We partner with the wider business to create and share tooling, knowledge, and best practices around Trust and Safety technology while undertaking special product and development initiatives designed to improve the actual safety and felt experience of safety of members across our products. Weâ€™re known by the wider industry as experts in our field, and give back to the community through thought leadership, information sharing, and open-sourcing.




WHAT YOU WILL BE DOING
Work in a cross-functional team alongside data scientists and machine learning engineers
Analyse large sets of data and work closely with Safety Product Management to educate roadmaps and define key metrics, aligning them with Bumble Inc's goals
Identify areas of maximum value and contribute to setting up frameworks for evaluating algorithmic improvements.Â 
Initiate and conduct large-scale experiments to test hypotheses and drive product development
Partner effectively with business functions and engineering teams to translate problems into scalable AI solutions, leveraging the richness of our extensive and intricate datasets
Foster a culture of insightful storytelling across our Group and the business, emphasising collaboration and connection within the team. Your style is characterised by empathy, open communication, and a commitment to promoting diversity and inclusion





WEâ€™D LOVE TO MEET SOMEONE WITH
Strong statistical modelling background - hypotheses testing, inference, regressions, random variables
Comfortable presenting back to technical and non-technical stakeholders through effective data visualisation and building of reporting frameworks
Comfortable with Python data science libraries such as pandas, scikit-learn, numpy, statsmodels
Strong SQL experience including analytic functions, performance tuning, data wrangling
Ability to work collaboratively and proactively in a fast-paced environment alongside scientists, engineers and non-technical stakeholders
Ability to combine business intuition with the application of advanced solutions
A passion for keeping up with the latest ongoings in Data Science and Machine Learning communities
A curious mind, self-starter and endlessly keen to learn and develop themselves professionally





AN ADDED BONUS IF YOU HAVE
A proven background in trust & safety or experience of working in a similar role
An understanding of multi-sided markets and/or dating problem space
Experience in using advanced statistical methods to solve problems. This can either be through academic projects and publications, or experience analysing and solving problems within industry
Understanding of Machine Learning development lifecycle
A basic knowledge of software development life cycle processes and tools - ETL pipelines, CI/CD, MLOps, agile methodologies, version control (git), testing frameworksÂ 





Show more "
6,4123851293,United Kingdom,Data Scientist - Recommendation,Roku,2025-02-08,https://uk.linkedin.com/jobs/view/data-scientist-recommendation-at-roku-4123851293?position=1&pageNum=0&refId=T2b3NlNGwu1UYlZ4V7Pzkg%3D%3D&trackingId=Ml5ARuyRNqoSTWXfJazF1Q%3D%3D,"Teamwork makes the stream work.

Roku Is Changing How The World Watches TV

Roku is the #1 TV streaming platform in the US and Mexico, and we've set our sights on powering every television in the world. Roku pioneered streaming to the TV. Our mission is to be the TV streaming platform that connects the entire TV ecosystem. We connect consumers to the content they love, enable content publishers to build and monetize large audiences, and provide advertisers unique capabilities to engage consumers.

From your first day at Roku, you'll make a valuable - and valued - contribution. We're a fast-growing public company where no one is a bystander. We offer you the opportunity to delight millions of TV streamers around the world while gaining meaningful experience across a variety of disciplines.

About The Team

The Core Analytics Team is a centralised function to provide data-driven insights into business and products. We collaborate closely with our Product and Engineering teams to deliver the best recommendation experiences to our customers and maximise the value proposition for the business.

About The Role

Roku is seeking a Data Analyst/Scientist to join the Core Analytics team supporting our Recommendations product. This individual will be responsible for understanding how users leverage our Recommendations product to manage their Roku experience and work closely with product management and engineering to identify opportunities to create new features, drive their adoption, and generate value for Roku. This individual will investigate and develop solutions to track, monitor, and improve our recommendations ecosystem. The successful candidate is quantitatively driven, detail-focused, and possesses an elevated problem-solving expertise.

This role can be based in Manchester, or Cambridge and requires you to be in the office thrice a week.

What You'll Be Doing


Define and monitor KPIs that guide the growth of Rokuâ€™s Recommendations product.
Analyse structured and unstructured data and communicate insights to help stakeholders solve business problems, identify trends and make data-driven decisions
Develop necessary data pipelines to power automation, validation and reporting
Collaborate with stakeholders to align data science initiatives with organisational goals and strategy design and execute AB tests
Develop analytical tools (real-time alerts, models, etc.) to understand what drives success for our recommendations platform
Perform exploratory data analysis on emerging trends and execute advanced analysis across the entire recommendations and Roku Platform
Collaborate with the Program Management and Engineering team to proactively seek and incorporate feedback
Providing feedback directly to leadership on performance of various initiatives and untapped opportunities


We're excited if you have


Extensive work experience with a bachelor's degree or master's degree in quantitative field (e.g., Statistics, Business Analytics, Data Science, Mathematics, Economics, Engineering or Computer Science)
Experience across Recommendations, Search, consumer product, digital media or entertainment industries
Expertise in SQL, SAS, R, Python or other programming language to query data and perform analysis
Hands on experience with visualization tools like Tableau or Looker
Have a bias towards action in resolving issues and operate in a high-energy, fast-paced environment
Hands on experience in A/B testing and statistical modeling/forecasting


Benefits

Roku is committed to offering a diverse range of benefits as part of our compensation package to support our employees and their families. Our comprehensive benefits include global access to mental health and financial wellness support and resources. Local benefits include statutory and voluntary benefits which may include healthcare (medical, dental, and vision), life, accident, disability, commuter, and retirement options (401(k)/pension). Our employees can take time off work for vacation and other personal reasons to balance their evolving work and life needs. It's important to note that not every benefit is available in all locations or for every role. For details specific to your location, please consult with your recruiter.

The Roku Culture

Roku is a great place for people who want to work in a fast-paced environment where everyone is focused on the company's success rather than their own. We try to surround ourselves with people who are great at their jobs, who are easy to work with, and who keep their egos in check. We appreciate a sense of humor. We believe a fewer number of very talented folks can do more for less cost than a larger number of less talented teams. We're independent thinkers with big ideas who act boldly, move fast and accomplish extraordinary things through collaboration and trust. In short, at Roku you'll be part of a company that's changing how the world watches TV.â€¯

We have a unique culture that we are proud of. We think of ourselves primarily as problem-solvers, which itself is a two-part idea. We come up with the solution, but the solution isn't real until it is built and delivered to the customer. That penchant for action gives us a pragmatic approach to innovation, one that has served us well since 2002.â€¯

To learn more about Roku, our global footprint, and how we've grown, visit https://www.weareroku.com/factsheet.

By providing your information, you acknowledge that you have read our Applicant Privacy Notice and authorize Roku to process your data subject to those terms.


Show more "
7,4115540383,United Kingdom,"Data Scientist, Trust & Safety",Bumble Inc.,2025-01-29,https://uk.linkedin.com/jobs/view/data-scientist-trust-safety-at-bumble-inc-4115540383?position=2&pageNum=0&refId=T2b3NlNGwu1UYlZ4V7Pzkg%3D%3D&trackingId=sQB7HoV8c5c6qWAnwx7f8w%3D%3D,"Bumble is looking for a Data Scientist to join our team and play a key role in fulfilling our mission to create a world where all relationships are healthy and equitable. Concretely, this means exploring our large datasets, developing statistical models and designing data-driven strategies for products that provide a safe and engaging experience for our users, and improve the way Bumble operates.

With billions of collected data points and millions of images and messages exchanged on our platform every day, there is a wealth of opportunity to make a real difference in this role and help people to find love all over the world! The ideal candidate combines strong business acumen, extensive experience in data science and advanced analytics along with a background in trust & safety.

Trust & Safety

We are part of the Trust & Safety Engineering group, a cross-functional team of 40+Â  engineers, scientists and machine learning professionals that help grow kind, healthy & equitable connections by designing and operationalizing the safest and most trusted connections platform in the industry.Â  We partner with the wider business to create and share tooling, knowledge, and best practices around Trust and Safety technology while undertaking special product and development initiatives designed to improve the actual safety and felt experience of safety of members across our products. Weâ€™re known by the wider industry as experts in our field, and give back to the community through thought leadership, information sharing, and open-sourcing.




WHAT YOU WILL BE DOING
Work in a cross-functional team alongside data scientists and machine learning engineers
Analyse large sets of data and work closely with Safety Product Management to educate roadmaps and define key metrics, aligning them with Bumble Inc's goals
Identify areas of maximum value and contribute to setting up frameworks for evaluating algorithmic improvements.Â 
Initiate and conduct large-scale experiments to test hypotheses and drive product development
Partner effectively with business functions and engineering teams to translate problems into scalable AI solutions, leveraging the richness of our extensive and intricate datasets
Foster a culture of insightful storytelling across our Group and the business, emphasising collaboration and connection within the team. Your style is characterised by empathy, open communication, and a commitment to promoting diversity and inclusion





WEâ€™D LOVE TO MEET SOMEONE WITH
Strong statistical modelling background - hypotheses testing, inference, regressions, random variables
Comfortable presenting back to technical and non-technical stakeholders through effective data visualisation and building of reporting frameworks
Comfortable with Python data science libraries such as pandas, scikit-learn, numpy, statsmodels
Strong SQL experience including analytic functions, performance tuning, data wrangling
Ability to work collaboratively and proactively in a fast-paced environment alongside scientists, engineers and non-technical stakeholders
Ability to combine business intuition with the application of advanced solutions
A passion for keeping up with the latest ongoings in Data Science and Machine Learning communities
A curious mind, self-starter and endlessly keen to learn and develop themselves professionally





AN ADDED BONUS IF YOU HAVE
A proven background in trust & safety or experience of working in a similar role
An understanding of multi-sided markets and/or dating problem space
Experience in using advanced statistical methods to solve problems. This can either be through academic projects and publications, or experience analysing and solving problems within industry
Understanding of Machine Learning development lifecycle
A basic knowledge of software development life cycle processes and tools - ETL pipelines, CI/CD, MLOps, agile methodologies, version control (git), testing frameworksÂ 





Show more "
8,4133365925,United Kingdom,ML Engineer,Dalton,2025-01-14,https://uk.linkedin.com/jobs/view/ml-engineer-at-dalton-4133365925?position=3&pageNum=0&refId=T2b3NlNGwu1UYlZ4V7Pzkg%3D%3D&trackingId=qRYU3lPuLsz%2FYzWPj0BouQ%3D%3D,"About Dalton: Dalton is on a mission to make the world's drug design more efficient. We are building the AI ecosystem for drug design and solving real-world problems that transform the efficiency of the pharmaceutical industry. Our mission is to harness cutting-edge technology and turn it into impactful products for our clients. Join us on our journey to revolutionize drug discovery and make a difference in the lives of patients worldwide.

Why Join Dalton? Dalton offers an exciting and collaborative environment where you can contribute to improving the efficiency of the world's drug discovery. We value innovation, creativity, and commitment. Join us in our mission to change the world.

Role Overview: We are seeking a highly skilled and motivated ML Engineer to join our team dedicated to advancing drug discovery by translating the best AI Research intro drug discovery impact. The ideal candidate will have a strong background in ML engineering and a passion for leveraging data and AI to drive innovation in the pharmaceutical and biotechnology industries.

If you are a dedicated and detail-oriented ML Engineer with a passion for drug discovery, we would love to hear from you. Apply now to become a part of our dynamic team and contribute to groundbreaking advancements in the field of technology and drug discovery.

Requirements


Key Responsibilities:


Collaborate with cross-functional teams to integrate machine learning models into impactful scientific products
Analyze large-scale biological and chemical datasets to identify patterns and generate actionable insights
Build a highly scalable machine learning platform that can be used to integrate cutting-edge ML models into a drug discovery process.
Design, build and maintain scalable machine learning infrastructure to support high-throughput data processing.
Continuously evaluate and improve model performance, ensuring high accuracy and reliability.
Stay current with the latest advancements in machine learning for drug discovery and apply this knowledge to your work.



Capabilities:


Master's or Ph.D. in Computer Science, Bioinformatics, Computational Biology, Cheminformatics or a related field.
Proven experience with machine learning frameworks such as TensorFlow, PyTorch, or scikit-learn.
Experience in working in the Pharmaceutical, Biotech or similar scientific discovery industries
Strong programming skills in Python
Familiarity with big data technologies such as Spark, Kafka, and Iceberg.
Knowledge of data modeling, database design, and data warehousing concepts.
Proficiency in data visualization tools like Superset, Grafana, or Metabase.
Strong problem-solving skills and ability to work independently and as part of a team.
Excellent organizational and time-management skills.
Passion for drug discovery and a desire to make a significant impact in the field.
Show more "
9,4128229458,United Kingdom,Junior Data Scientist,Intellect Group,2025-01-17,https://uk.linkedin.com/jobs/view/junior-data-scientist-at-intellect-group-4128229458?position=4&pageNum=0&refId=T2b3NlNGwu1UYlZ4V7Pzkg%3D%3D&trackingId=yNZK4P6496N1mjGp3bpIfw%3D%3D,"Role: Junior Data Scientist

Location: London, UK (Hybrid)

Salary: Â£30k-Â£45k (DOE)




Are you passionate about data and finance? Join a revolutionary financial services company in the heart of London, where you'll help over 200,000 businesses across the UK and Europe navigate challenges and boost profitability.




My client is looking for a Junior Data Scientist eager to apply their analytical and modeling skills to provide insight and drive impactful business decisions.




Your Responsibilities:

Analyse complex datasets: Work with large volumes of financial data to identify trends, patterns, and insights that drive strategic decisions.
Support predictive modeling: Collaborate on the development of machine learning models to forecast financial outcomes and optimise business processes.
Develop data-driven solutions: Create algorithms and tools that automate and enhance decision-making across the company.
Collaborate with cross-functional teams: Work closely with finance, product, and technology teams to align data science initiatives with business goals.
Visualise data insights: Build and maintain interactive dashboards and visualisations that provide clear, actionable insights for stakeholders.




Requirements:

Bachelorâ€™s degree in a STEM field: Preferred disciplines include Statistics, Mathematics, Computer Science, Engineering, or related fields.
Proficiency in programming languages: Experience with Python and SQL for data analysis, manipulation, and modeling.
Basic understanding of machine learning: Familiarity with predictive modeling techniques and algorithms, in particular NLP, LLM's and Time Series Forecasting.
Experience with data visualization tools: Knowledge of tools like Tableau/Power BI, or similar to present data effectively.
Strong analytical skills: Ability to interpret complex data and communicate findings clearly to both technical and non-technical audiences.




It's A Bonus If You Have:

Experience in finance: Prior exposure to financial data or working in a financial services environment is a plus.
Curiosity and drive: A passion for learning and staying updated with the latest trends in data science and finance.
Problem-solving mindset: Ability to think critically and approach challenges with innovative solutions.




The Benefits:

Growth opportunities: Be part of a fast-growing company with ample opportunities for career advancement.
Innovative work environment: Work with a team that values creativity, collaboration, and continuous learning.
Cutting-edge tools and technologies: Access to the latest data science tools to help you excel in your role.
Competitive compensation: A salary that reflects your skills and experience, along with performance-based bonuses.




If youâ€™re a motivated Junior Data Scientist with a passion for finance and data-driven decision-making, we want to hear from you. Apply now to join our team and be part of shaping the future of the finance industry.

Show more "
10,4128253571,United Kingdom,Machine Learning Engineer,Limbic,2025-01-17,https://uk.linkedin.com/jobs/view/machine-learning-engineer-at-limbic-4128253571?position=7&pageNum=0&refId=T2b3NlNGwu1UYlZ4V7Pzkg%3D%3D&trackingId=UQ0tMIMJW%2FV7yzgPDPc0DA%3D%3D,"Limbic's vision is to ensure the highest quality therapy is accessible to everyone, everywhere. The way we do that is by deploying AI responsibly, using it to augment clinical care and reduce barriers to accessing therapy at scale. Limbic is already used in over 33% of Talking Therapies in the NHS and is deemed safe and effective after successfully gaining UKCA Class IIa certification, the only AI mental health chatbot to do so.

We're seeking a Machine Learning Engineer to help deliver best-in-class AI for mental health care. You will develop, refine, and maintain the functionalities that allow us to serve our ML-capabilities in the product. You will play a critical role in translating our AI research into products that help our users in the real-world.

What you'll do:


Build architecture to efficiently combine LLM features with our in-house safety guardrails and clinical ML-models. This includes working with leading commercial AI models from OpenAI, Anthropic or Google, and also working with in-house self-hosted instances of models like Llama
Collaborate with machine learning scientists to integrate AI models with backend services
Help build and tune custom models
Ensure the ML teams APIs integrate with the rest of the product teams work (e.g. logging, security)
Troubleshoot, identify bottlenecks, and address any backend issues


Sample recent projects:


Train and deploy models to detect problematic outputs from an LLM
Deploy and manage a custom Meta Llama fine-tune on an AWS GPU instance
Build dashboards to run experiments comparing the therapeutic relationship with voice vs text based AI agents


We encourage women and individuals from diverse backgrounds to apply and join our team. We believe in creating an inclusive and supportive work environment where everyone can contribute their best.

Applications for this role will close 07/02/2025.

Requirements


>2 years of industry Machine Learning experience
Ability to work from London (Spitalfields) office at least 1 day per week
Experience productionising LLM features
Strong Python ability
Strong knowledge of at least 1 web framework (e.g. we use FastAPI)
Experience with databases (SQL or NoSQL)
Familiarity with cloud platforms (AWS, GCP, Azure) and containerization technologies (Docker)
Proficiency with version control systems, preferably Git
Interest in the mental healthcare space



Benefits


An amazing office in central London (flexibility regarding working from the office and wfh)
25 days PTO
Pension scheme
Enhanced parental leave packages
Equity share options
Support with purchasing work-related books and materials


We take employee wellbeing seriously at Limbic and in addition to the above we offer:


Quarterly life days (Enjoy 4 paid days off per year to use whenever you choose - one each quarter - to relax, recharge, or take care of personal matters)
Access to mental health support


Base Salary: Â£70K - Â£75K + Equity
Show more "
11,4139671652,United Kingdom,Data Scientist,Mojo,2025-01-31,https://uk.linkedin.com/jobs/view/data-scientist-at-mojo-4139671652?position=8&pageNum=0&refId=T2b3NlNGwu1UYlZ4V7Pzkg%3D%3D&trackingId=ZJWXn8L8thznJs7YDwtcZw%3D%3D,"Are you a passionate data wizard who loves using your abilities to have a positive impact in the world? Are you proud of your technical skills, commercial head and ability to get shit done? You're reading the right job description. We want someone who is inspired to work in tech for good and is jumping out of bed in the morning because the idea of using their skills to improve the lives of millions of potential customers all over the world, gets them going.

Before we talk about our product and mission, let's be clear that although we're tackling men's sexual problems right now, you don't need to be a guy to apply. We want to hear from candidates of all genders. We believe that if we solve these problems, everyone will benefit.

At Mojo, we're building the first sexually intelligent generation.

Sexual problems can be embarrassing, we've been there. That's why we're changing the narrative around issues in the bedroom.

We believe that good sex starts in your head, so we're not here to push pills or offer quick fixes to the 50% of Millennials and Gen Z who now suffer with psychological issues in the bedroom. Nope, hyper-personalised AI Therapists are created by the world's best sexual wellbeing specialists to help our members lead thriving and healthy relationships ðŸ’ª. We are looking for someone who is excited to be part of that.

We've had crazy global growth, with over 600,000 members in 150 countries and counting. We're backed by Europe's top VC firms, and you might even have seen us on the front cover of the Sunday Times.

The Role

You'll work closely with the founders, report to our Chief of Staff and take ownership of much of our data stack. You will be given free reign to spearhead new strategic data projects while helping to set data standards in the company. You'll have the opportunity to guide and enable the whole Mojo team across Product, Growth, Marketing and Ops to make good data driven decisions. Most importantly you will be in a position to identify how Mojo can have the biggest impact for our members. We are an app-first experience, meaning this impact will touch people all over the world.

As we are an early-stage start-up, there is room for you to have a huge impact on the future of the company and a large amount of autonomy to shape your role and get stuck in. You should be comfortable adapting your role and responsibilities as the company grows. We expect this might consist of:


Providing analyses to support product, marketing or finance
Owning tracking of business metrics by refining and maintaining reporting
Developing our best practices for experimentation methodology (eg A/B testing)
Developing data-driven projects, including applications of ML or modelling techniques
Working with leaders across Mojo to identify new opportunities in our AI product
Performing analyses to answer open-ended questions and provide strategic advice
Improving business data documentation
Supporting the refinement of our data infrastructure, architecture, and ETL processes
Collaboratively setting standards and ways of working with Data at Mojo
Building a self-serve data culture across the wider Mojo team through upskilling and accessible data tooling


We are building a team of people that have real ownership over the business. To be successful here, you should be willing to roll your sleeves up and get your hands dirty on anything that will help the business be more successful.

Requirements

You have:


2+ years of proven experience analyzing complex data with SQL, Python (& maybe R)
A degree or similar experience in a quantitative field (eg CompSci, Eng, Maths, Stats, Econ)
A good understanding of the dynamics of acquisition, engagement, retention and monetisation in a digital product
Strong understanding of statistical concepts and practical experience applying them (e.g. causal inference, ML, A/B tests)
Experience building data visualizations and dashboards (e.g., looker studio or others)
Ability to work collaboratively and proactively in a fast-paced environment
A commercial head and can put numbers into business perspective
Great communication skills - in person, writing, and code; to technical or non-technical audiences
Compassion, empathy, understanding, or interest in mental health
Ability to keep up-to-date with the latest tools and trends



Benefits


Industry-leading salary Â£60-70k, with chunky seed round equity package
Private health, optical, audiological, and dental insurance with Vitality Health
Hybrid working, 3 days in and 2 days out, with great offices in Old Street
Three remote working fortnights a year (read more in our handbook)
37 days off (inc 28 holidays, 3 end-of-year, 8 bank holidays, 1 volunteering)
Parental leave for primary and secondary caregivers
Workplace nursery benefit and emergency child-sitting allowance
Monthly team outings
Â£500 personal wellbeing budget
Unlimited professional development allowance
A Â£100 budget for noise-cancelling headphone to help with deep work
Cycle to work scheme and Santander Cycles membership
If you want to learn more about how we work check out our Employee Handbook


We want to build a diverse team with different backgrounds, outlooks and experiences. If you need any adjustments or support when you're applying, no worries. Just let us know at work@mojo.so
Show more "
12,4123854034,United Kingdom,Data Scientist - Recommendation,Roku,2025-01-28,https://uk.linkedin.com/jobs/view/data-scientist-recommendation-at-roku-4123854034?position=9&pageNum=0&refId=T2b3NlNGwu1UYlZ4V7Pzkg%3D%3D&trackingId=YJZ0R8pX2FuWZHe8OJ4oGQ%3D%3D,"Teamwork makes the stream work.

Roku Is Changing How The World Watches TV

Roku is the #1 TV streaming platform in the US and Mexico, and we've set our sights on powering every television in the world. Roku pioneered streaming to the TV. Our mission is to be the TV streaming platform that connects the entire TV ecosystem. We connect consumers to the content they love, enable content publishers to build and monetize large audiences, and provide advertisers unique capabilities to engage consumers.

From your first day at Roku, you'll make a valuable - and valued - contribution. We're a fast-growing public company where no one is a bystander. We offer you the opportunity to delight millions of TV streamers around the world while gaining meaningful experience across a variety of disciplines.

About The Team

The Core Analytics Team is a centralised function to provide data-driven insights into business and products. We collaborate closely with our Product and Engineering teams to deliver the best recommendation experiences to our customers and maximise the value proposition for the business.

About The Role

Roku is seeking a Data Analyst/Scientist to join the Core Analytics team supporting our Recommendations product. This individual will be responsible for understanding how users leverage our Recommendations product to manage their Roku experience and work closely with product management and engineering to identify opportunities to create new features, drive their adoption, and generate value for Roku. This individual will investigate and develop solutions to track, monitor, and improve our recommendations ecosystem. The successful candidate is quantitatively driven, detail-focused, and possesses an elevated problem-solving expertise.

This role can be based in Manchester, or Cambridge and requires you to be in the office thrice a week.

What You'll Be Doing


Define and monitor KPIs that guide the growth of Rokuâ€™s Recommendations product.
Analyse structured and unstructured data and communicate insights to help stakeholders solve business problems, identify trends and make data-driven decisions
Develop necessary data pipelines to power automation, validation and reporting
Collaborate with stakeholders to align data science initiatives with organisational goals and strategy design and execute AB tests
Develop analytical tools (real-time alerts, models, etc.) to understand what drives success for our recommendations platform
Perform exploratory data analysis on emerging trends and execute advanced analysis across the entire recommendations and Roku Platform
Collaborate with the Program Management and Engineering team to proactively seek and incorporate feedback
Providing feedback directly to leadership on performance of various initiatives and untapped opportunities


We're excited if you have


Extensive work experience with a bachelor's degree or master's degree in quantitative field (e.g., Statistics, Business Analytics, Data Science, Mathematics, Economics, Engineering or Computer Science)
Experience across Recommendations, Search, consumer product, digital media or entertainment industries
Expertise in SQL, SAS, R, Python or other programming language to query data and perform analysis
Hands on experience with visualization tools like Tableau or Looker
Have a bias towards action in resolving issues and operate in a high-energy, fast-paced environment
Hands on experience in A/B testing and statistical modeling/forecasting


Benefits

Roku is committed to offering a diverse range of benefits as part of our compensation package to support our employees and their families. Our comprehensive benefits include global access to mental health and financial wellness support and resources. Local benefits include statutory and voluntary benefits which may include healthcare (medical, dental, and vision), life, accident, disability, commuter, and retirement options (401(k)/pension). Our employees can take time off work for vacation and other personal reasons to balance their evolving work and life needs. It's important to note that not every benefit is available in all locations or for every role. For details specific to your location, please consult with your recruiter.

The Roku Culture

Roku is a great place for people who want to work in a fast-paced environment where everyone is focused on the company's success rather than their own. We try to surround ourselves with people who are great at their jobs, who are easy to work with, and who keep their egos in check. We appreciate a sense of humor. We believe a fewer number of very talented folks can do more for less cost than a larger number of less talented teams. We're independent thinkers with big ideas who act boldly, move fast and accomplish extraordinary things through collaboration and trust. In short, at Roku you'll be part of a company that's changing how the world watches TV.â€¯

We have a unique culture that we are proud of. We think of ourselves primarily as problem-solvers, which itself is a two-part idea. We come up with the solution, but the solution isn't real until it is built and delivered to the customer. That penchant for action gives us a pragmatic approach to innovation, one that has served us well since 2002.â€¯

To learn more about Roku, our global footprint, and how we've grown, visit https://www.weareroku.com/factsheet.

By providing your information, you acknowledge that you have read our Applicant Privacy Notice and authorize Roku to process your data subject to those terms.
Show more "
13,4121330987,United Kingdom,Data Scientist,InterEx Group,2025-01-13,https://uk.linkedin.com/jobs/view/data-scientist-at-interex-group-4121330987?position=10&pageNum=0&refId=T2b3NlNGwu1UYlZ4V7Pzkg%3D%3D&trackingId=amVc%2FtLaYYLulreKTyDDFA%3D%3D,"The ideal candidate's favourite words are learning, data, scale, and agility. You will leverage your strong collaboration skills and ability to extract valuable insights from highly complex data sets to ask the right questions and find the right answers.




Responsibilities

Analyze raw data: assessing quality, cleansing, and structuring for downstream processing
Design accurate and scalable prediction algorithms
Collaborate with the engineering team to bring analytical prototypes to production
Generate actionable insights for business improvements




Qualifications

Bachelor's degree or equivalent experience in quantitative field (Statistics, Mathematics, Computer Science, Engineering, etc.)
At least 1 - 2 years of experience in quantitative analytics or data modelling
Deep understanding of predictive modelling, machine-learning, clustering and classification techniques, and algorithms
Fluency in a programming language (Python, C,C++, Java, SQL)
Familiarity with Big Data frameworks and visualization tools (Cassandra, Hadoop, Spark, Tableau)

Show more "
14,4143357081,United Kingdom,Graduate Data Scientist,Intellect Group,2025-02-04,https://uk.linkedin.com/jobs/view/graduate-data-scientist-at-intellect-group-4143357081?position=11&pageNum=0&refId=T2b3NlNGwu1UYlZ4V7Pzkg%3D%3D&trackingId=ACNbnP7d%2F3HdPpQUQpfZHA%3D%3D,"Graduate Data Scientist

ðŸ“ Location: London, UK (Hybrid Working)

ðŸ’° Salary: Â£35,000 - Â£45,000




Are you a recent STEM graduate with strong analytical skills and a passion for data science? We are looking for a Junior Data Scientist to join our clients London-based team, where you will work on complex datasets, develop predictive models, and contribute to data-driven decision-making across the business.




Key Responsibilities

Data Analysis & Modelling: Work with large datasets to identify patterns, build machine learning models, and support business strategy.
Algorithm Development: Develop and optimise algorithms to enhance operational efficiency and decision-making.
Collaboration: Work closely with teams across product, operations, and technology to integrate data-driven insights.
Data Visualisation: Create dashboards and reports to communicate findings to both technical and non-technical stakeholders.
Research & Innovation: Stay up to date with the latest developments in data science, AI, and machine learning.




Skills & Experience Required

A STEM degree (e.g. Mathematics, Statistics, Computer Science, Engineering) from a Russell Group university.
Proficiency in Python and SQL for data manipulation, analysis, and model development.
A strong understanding of machine learning concepts, including supervised and unsupervised learning techniques.
Experience with data visualisation tools such as Tableau or Power BI.
Strong analytical and problem-solving skills, with the ability to communicate complex findings clearly.




Desirable Skills

Knowledge of advanced machine learning techniques, including NLP, large language models (LLMs), or time series forecasting.
Experience working with AI concepts and libraries such as Pandas, NumPy, TensorFlow, or PyTorch.
Familiarity with cloud platforms (AWS, GCP, or Azure).
Understanding of computer vision and deep learning techniques.




What's on offer

Professional Development: Clear career progression with opportunities to develop expertise in data science and machine learning.
Innovative Work Environment: A collaborative team working on cutting-edge data science projects.
Technical Resources: Access to industry-leading tools and platforms.
Flexible Working: Hybrid working model with a London-based office.




To apply, please submit your CV. Successful candidates will be contacted to discuss the next steps.

Show more "
15,4068459250,United Kingdom,Operational Research Scientist,Deliveroo,2025-01-31,https://uk.linkedin.com/jobs/view/operational-research-scientist-at-deliveroo-4068459250?position=15&pageNum=0&refId=T2b3NlNGwu1UYlZ4V7Pzkg%3D%3D&trackingId=Y%2FqMhTLGOCMu%2BBzgjgSXaA%3D%3D,"The Data & Science Org




At Deliveroo, we have a world-class data and science organisation with a mission to enable the highest quality human and machine decision-making.




We work throughout the company - in product, business and platform teams to answer some of the most interesting questions out there. For example, how can we connect restaurants, riders and customers most efficiently in order to deliver food as quickly as possible? How do data and technology help restaurants to grow as consumer habits change? How can we predict what someone wants to order for dinner long before the idea has even crossed their mind?




These are just some of the tough problems we are solving at Deliveroo. There is no challenge that cannot be yours; the scope for growth and personal impact is enormous. Data Scientists and Machine Learning Engineers at Deliveroo belong to an expert, thoughtful, and active community with guest lecturers, a robust technical review process, a career progression framework, and plenty of opportunities to learn new things.




Â 




The RoleÂ 




As an Operational Research Scientist, you will play a crucial role in developing, implementing, and maintaining cutting-edge products that leverage optimization techniques. Your responsibilities will involve engineering sophisticated operational research algorithms, as well as refining and updating existing systems.Â 




In this team, you will develop the algorithmic and machine-learning systems that power Deliverooâ€™s delivery network. You will work in a cross-functional team alongside engineers, data scientists and product managers to develop systems that make automated decisions at massive scale. The team has independence and works on some of the most interesting problems at the intersection of riders, consumers, and restaurants. We evaluate the performance of all our decision-making machines through our world-class experimentation platform.




You will report into a ML/OR Manager. This is a hybrid role that will be based in London.




Â 




You will:





Optimise our delivery network by making rider assignment decisions; predicting how long a leg of the delivery journey will take; or mitigating real-time delays.


Enhance our simulation capabilities to more accurately predict the effects of algorithmic changes on our delivery network.


Optimise consumer and rider fees.





Also, you will work alongside people who work on:





The consumer experience by showing the most relevant restaurants and dishes.


Detecting fraud and abuse from consumers, riders, and restaurants.


Assisting restaurants in optimising their presence on Deliveroo, for example by recommending that they improve their menus or photography, or add a popular dish.


Creating an ML platform to improve our ML and optimisation capabilities.





Â 




Requirements:





You are someone who knows the fundamentals of operational research and when they should be applied through a relevant PhD or work experience.


Proven experience in developing and applying optimization models, algorithms, and metaheuristic techniques in a logistics or supply chain context.


You can translate fuzzy logistics and delivery problems or objectives into a well-thought-out algorithmic solution. You get satisfaction from seeing your algorithms shipped and driving measurable impact to the business.


Strong programming skills in one of the languages such as Python, Rust, C, C++, or Java, with a focus on algorithm design rather than software engineering.


Experience in combinatorial optimisation problems.


A bias to simplicity, where you care most about achieving impact.





Nice to haves:Â 





Experience in solving Vehicle Routing Problems (VRP) and/or building large scale delivery network simulations


Experience in discrete event simulations


Experience in any of the following areas: algorithms and data structures, parallel and distributed computing, high-performance computingÂ 





Why Deliveroo




Our mission is to transform the way you shop and eat, bringing the neighbourhood to your door by connecting consumers, restaurants, shops and riders. We are transforming the way the world eats and shops by making access to food and products more convenient and enjoyable. We give people the opportunity to buy what they want, as they want it, when and where they want it.




We are a technology-driven company at the forefront of the most rapidly expanding industry in the world. We are still a small team, making a very large impact, looking to answer some of the most interesting questions out there. We move fast, value autonomy and ownership, and we are always looking for new ideas.




Workplace & Benefits




At Deliveroo we know that people are the heart of the business and we prioritise their welfare. Benefits differ by country, but we offer many benefits in areas including healthcare, well-being, parental leave, pensions, and generous annual leave allowances, including time off to support a charitable cause of your choice. Benefits are country-specific, please ask your recruiter for more information.




Diversity




At Deliveroo, we believe a great workplace is one that represents the world we live in and how beautifully diverse it can be. That means we have no judgement when it comes to any one of the things that make you who you are - your gender, race, sexuality, religion or a secret aversion to coriander. All you need is a passion for (most) food and a desire to be part of one of the fastest-growing businesses in a rapidly growing industry.




We are committed to diversity, equity and inclusion in all aspects of our hiring process. We recognise that some candidates may require adjustments to apply for a position or fairly participate in the interview process. If you require any adjustments, please don't hesitate to let us know. We will make every effort to provide the necessary adjustments to ensure you have an equitable opportunity to succeed.




Â 

Please click here to view our candidate privacy policy.

Show more "
